Volunteer,Category,Task ID,Original,Gemini,DeepSeek,Flash,Qwen
Volunteer 1,Idea-to-Text,B2,Kyle Lawson meets baseline expectations but lacks initiative; stretch goals required for advancement.,"Kyle, you reliably meet all core job requirements. To support your career advancement, we encourage you to demonstrate more initiative. Let's define some stretch goals together to help you develop in this area.","Kyle, you consistently meet baseline performance expectations. To advance, we encourage you to demonstrate greater initiative and proactive problem-solving. We will discuss setting specific, challenging stretch goals designed to develop these skills and position you for future growth opportunities.","Kyle consistently meets core job requirements, demonstrating reliability in his role. To progress to the next level, we encourage Kyle to proactively seek out new challenges and demonstrate greater initiative in identifying and pursuing opportunities for improvement or innovation. Setting and achieving stretch goals will be key for his continued professional development and advancement within the company.","Kyle Lawson consistently meets baseline expectations and delivers reliable work. However, he tends to lack initiative and rarely pursues opportunities beyond assigned tasks. To be considered for advancement, Kyle should actively engage in stretch goals, demonstrate proactive problem-solving, and seek ways to contribute beyond core responsibilities. Continued growth in these areas will be essential for progression."
Volunteer 1,Idea-to-Text,B3,"John Doe’s performance is regressing, risking clients; reassignment or exit should be considered.","John, we have serious concerns about your regressing performance, which is now creating risk with our clients. We must discuss an immediate improvement plan, which may include reassignment or a potential exit.","John, recent performance trends show significant regression, raising concerns about client impact. This level is unsustainable. We need to discuss this urgently and carefully evaluate appropriate next steps, which may include performance improvement plans, reassignment possibilities, or potential exit, to ensure team and client stability.","John Doe's recent performance shows a concerning decline, particularly impacting client relationships and project delivery. This regression poses a significant risk to our client satisfaction and business reputation. We need to address this urgently, exploring options such as reassignment to a role that better aligns with his current capabilities or, if improvement isn't seen, considering separation.","John Doe's recent performance shows a concerning decline, with repeated errors impacting client outcomes and team reliability. Despite previous feedback, there has been minimal improvement. Given the risk to client relationships and project success, leadership should evaluate options for reassignment or separation."
Volunteer 1,Summarise,B7,"Isaac has demonstrated average performance this quarter. He was able to maintain an efficient workflow standard, and he was able to provide up-to-date and accurate analysis of data. Significant improvements, however, would be communication skills. He is encouraged to participate more actively in meetings and project discussions. His data analysis insights would definitely help his colleagues do their jobs better as well.",Isaac delivers average performance with accurate data analysis but needs to significantly improve his communication and active participation in team discussions.,"Isaac: Average performance. Efficient workflow, accurate data analysis. Needs significant improvement in communication/participation.",Isaac: Average. Strong data analysis & workflow. Needs to improve communication; more meeting participation encouraged to share valuable insights.,Isaac delivered average performance with strong data analysis and workflow efficiency. Key area for improvement is communication—needs to actively participate in meetings and share insights to better support colleagues.
Volunteer 1,Summarise,B12,"Riley is an excellent worker who gets her work done whenever we need her. She also offers excellent ideas in team meetings, and has a very ""big picture"" vision of the company. Will go far.","Riley is an excellent and reliable worker with a strong ""big picture"" vision. She contributes great ideas and shows high potential for advancement.","Riley: Excellent worker, gets work done. Offers excellent ideas & big-picture vision. Will go far.","Riley is a highly effective, reliable, and visionary team member. Her big-picture thinking and innovative ideas make her a valuable asset with strong growth potential.","Riley is a highly effective worker who consistently delivers, contributes valuable ideas in meetings, and demonstrates strong strategic thinking with a big-picture view of the company. She is poised for success."
Volunteer 1,Interpret,B14,"Kallie right now is in an interesting position. She is performing really poorly, not meeting deadlines, and generally produces low quality work. However, she has given an incredible amount of effort into improving herself and learning from her mistakes. She always responds well to feed back and proactively seeks to improve herself. Although she is isn;t doing well now, she will definitely improve with experience.","Kallie's current work quality and timeliness are below standard. However, her high effort and positive response to feedback are highly valued, implying strong future potential. Kallie should find a mentor for pre-submission reviews and break tasks into smaller, trackable steps.","Feedback means Kallie’s current work quality/timeliness are poor despite exceptional improvement efforts. This suggests immediate focus areas but strong long-term potential if development continues. Kallie should: 1) Request weekly priority alignment with manager, 2) Submit drafts 2 days early for feedback, 3) Shadow a top performer weekly.","Kallie, your current performance is noted as significantly below expectations, with concerns about missed deadlines and low-quality output. However, your exceptional dedication to self-improvement, positive response to feedback, and proactive learning are highly valued. This indicates a strong potential for future growth, and the team believes Kallie will improve significantly with more experience. To address this, Kallie should prioritize meeting all deadlines, meticulously review work for quality before submission, and continue to proactively seek and apply feedback to improve her skills and output.","Kallie is currently struggling with performance, missing deadlines and delivering work below expectations. However, her dedication to growth is evident—she actively seeks feedback, learns from mistakes, and shows strong initiative to improve. This suggests her current performance doesn’t reflect her potential. With continued support and experience, she is likely to grow into a more capable and reliable contributor. To move forward, Kallie should prioritize time management by breaking tasks into smaller steps, set personal deadlines ahead of actual due dates, request regular check-ins with her manager for guidance, and document feedback to track progress and avoid repeating errors."
Volunteer 1,Interpret,B18,"Natasha has proven to be an effective worker. She consistently creates excellent work on time. Her performance within the company is very strong. However, we do not see her currently moving forward within the company at this time due to a number of issues that be discussed if requested.","Natasha is a highly effective employee delivering excellent, timely work. Her growth is stalled by unspecified issues, preventing advancement. Natasha must schedule a meeting to respectfully ask her manager to detail these issues and define a clear path for future growth.","Feedback means Natasha excels in quality/timeliness but faces undisclosed barriers to advancement. This positions her as a top performer with stalled growth. Natasha should: 1) Request specific feedback on advancement blockers, 2) Document achievements for promotion packet, 3) Seek cross-departmental exposure opportunities.","Natasha, this feedback indicates you are a highly valued, top-performing individual contributor. Your work quality and reliability are excellent. However, the company doesn't currently see you advancing, suggesting there are unstated reasons impacting your growth trajectory. To understand and address these, Natasha should proactively schedule a meeting with her manager to discuss specific growth blockers, seek actionable feedback, and collaboratively develop a plan for future advancement opportunities.","Natasha demonstrates strong performance and delivers high-quality work consistently, reflecting her dedication and skill. While her current contributions are valued, there are developmental areas impacting her advancement opportunities. If Natasha seeks growth, she should request specific feedback, clarify expectations for promotion, create a targeted development plan, and regularly check in with leadership to track progress."
Volunteer 2,Idea-to-Text,B5,"Alex Watts is a reliable, steady contributor; cross-training would broaden skills and impact.","Alex, you are a valued and reliable contributor. To expand your impact and professional growth, we highly recommend cross-training. This will broaden your skillset and increase your versatility within the team.","Alex, you are a valued, reliable, and steady performer. To broaden your impact and skillset, we recommend exploring cross-training opportunities. Developing additional capabilities will not only increase your versatility but also enhance your contributions to the team's overall success.","Alex consistently delivers high-quality work, demonstrating strong reliability and a steady contribution to the team's success. To further enhance their valuable impact, we recommend exploring cross-training opportunities. This would broaden Alex's skill set, increase versatility, and allow them to contribute to an even wider range of projects, fostering continued professional growth.","Alex Watts is a reliable and consistent contributor who delivers high-quality work. Expanding expertise through cross-training would further enhance skills, increase versatility, and amplify overall impact across teams."
Volunteer 2,Idea-to-Text,B6,"Emilie Carroll is a high performer—punctual, client-focused, and poised for near-term promotion.","Emilie, your performance is exceptional. Your punctuality, client focus, and consistent high-quality work are commendable. You are on a clear track for a near-term promotion; let's prepare you for the next steps.","Emilie, your performance is outstanding: consistently punctual, highly client-focused, and delivering exceptional results. You are clearly operating at a high level and demonstrating strong readiness for increased responsibility. We see you as well-positioned for near-term promotion.","Emilie consistently demonstrates exceptional performance, marked by her punctuality and unwavering client focus. Her proactive approach and polished demeanor make her a strong candidate for a near-term promotion. She embodies the qualities of a future leader within our organization.","Emilie Carroll consistently excels in her role, demonstrating exceptional punctuality, a strong client-focused approach, and outstanding professionalism. Her dedication and performance make her a prime candidate for promotion in the near term."
Volunteer 2,Summarise,B9,"Unfortunately, Mr. Stanley has shown time and time again that he has issues performing. For example, last week he had a deadline that he knew of, instead he took long lunches and never made the deadline. Also, his ability to show up on time and dressed accordingly has never happened. Everyday Wade has been a minimum of 15+ minutes late! This is very unacceptable, he is a nice person and I wish him the best, but potential for growth is not there.","Mr. Stanley consistently underperforms, misses deadlines, and has issues with punctuality. He shows no potential for growth within the company.","Wade: Repeated performance issues (missed deadline, chronic lateness >15mins, dress). Nice person, but no growth potential.","Stanley consistently underperforms, misses deadlines (e.g., last week's), and is habitually late (+15 min daily) and unprofessionally dressed. Lacks growth potential.","Mr. Stanley consistently underperforms: missed deadlines, habitual tardiness (15+ mins daily), and inappropriate dress. Despite being personable, he shows no potential for growth. Performance issues are ongoing and unacceptable."
Volunteer 2,Summarise,B11,"Aniya is very good at what she does, and a favourite of the whole team. At the end of the quarter, she is one of the members we rely on the most due to her high output. She is a consistent worker. Unlikely to be moved into managerial roles as she has struggled with leadership.","Aniya is a consistent, high-output performer and a reliable team member. However, she struggles with leadership, limiting her managerial potential.","Aniya: Very good, team favorite, high output, consistent. Relied on most. Struggles with leadership, unlikely for management.","Aniya is a highly valued, consistent, and productive team member. While a strong individual contributor, she's not suited for leadership roles.","Aniya is a top performer and team favorite, known for her consistent high output and reliability. She excels in her role but is unlikely to move into management due to leadership challenges."
Volunteer 2,Interpret,B17,Jay frequently shows up late to the office and misses deadlines that have been set for his assignments. Unfortunately each assignment I've received from him to date has been subpar since they frequently have math errors.,"Jay is not meeting basic job expectations regarding punctuality, deadlines, and work quality, with frequent errors noted. This seriously jeopardizes his position. He must immediately improve his timekeeping and implement a system to proofread all work for errors before submission.","Feedback means Jay consistently delivers late, error-prone work with poor punctuality. This signals urgent need for reliability improvements. Jay should: 1) Use calendar alerts for deadlines/arrival times, 2) Implement peer-review for all assignments, 3) Enroll in company math tools training this month.","Jay, this feedback indicates a need to improve punctuality, reliability, and accuracy. It suggests that Jay's current performance is impacting his standing and growth opportunities. To address these concerns, Jay should: (1) arrive on time consistently, (2) proactively communicate any potential deadline issues, (3) double-check all assignments for accuracy, and (4) seek clarification on expectations if needed.","Jay’s consistent tardiness and missed deadlines are impacting team reliability, while the recurring math errors in his work suggest a need for improved accuracy and attention to detail. This pattern indicates gaps in time management and work quality that, if unaddressed, may affect his performance standing. To improve, Jay should (1) establish a structured morning routine to ensure punctuality, (2) use a task tracker to monitor deadlines and break assignments into manageable steps, (3) implement a review process to verify calculations before submission, and (4) proactively seek feedback early in assignments to align with expectations."
Volunteer 2,Interpret,B18,"Natasha has proven to be an effective worker. She consistently creates excellent work on time. Her performance within the company is very strong. However, we do not see her currently moving forward within the company at this time due to a number of issues that be discussed if requested.","Natasha is a highly effective employee delivering excellent, timely work. Her growth is stalled by unspecified issues, preventing advancement. Natasha must schedule a meeting to respectfully ask her manager to detail these issues and define a clear path for future growth.","Feedback means Natasha excels in quality/timeliness but faces undisclosed barriers to advancement. This positions her as a top performer with stalled growth. Natasha should: 1) Request specific feedback on advancement blockers, 2) Document achievements for promotion packet, 3) Seek cross-departmental exposure opportunities.","Natasha, this feedback indicates you are a highly valued, top-performing individual contributor. Your work quality and reliability are excellent. However, the company doesn't currently see you advancing, suggesting there are unstated reasons impacting your growth trajectory. To understand and address these, Natasha should proactively schedule a meeting with her manager to discuss specific growth blockers, seek actionable feedback, and collaboratively develop a plan for future advancement opportunities.","Natasha demonstrates strong performance and delivers high-quality work consistently, reflecting her dedication and skill. While her current contributions are valued, there are developmental areas impacting her advancement opportunities. If Natasha seeks growth, she should request specific feedback, clarify expectations for promotion, create a targeted development plan, and regularly check in with leadership to track progress."
Volunteer 3,Idea-to-Text,B3,"John Doe’s performance is regressing, risking clients; reassignment or exit should be considered.","John, we have serious concerns about your regressing performance, which is now creating risk with our clients. We must discuss an immediate improvement plan, which may include reassignment or a potential exit.","John, recent performance trends show significant regression, raising concerns about client impact. This level is unsustainable. We need to discuss this urgently and carefully evaluate appropriate next steps, which may include performance improvement plans, reassignment possibilities, or potential exit, to ensure team and client stability.","John Doe's recent performance shows a concerning decline, particularly impacting client relationships and project delivery. This regression poses a significant risk to our client satisfaction and business reputation. We need to address this urgently, exploring options such as reassignment to a role that better aligns with his current capabilities or, if improvement isn't seen, considering separation.","John Doe's recent performance shows a concerning decline, with repeated errors impacting client outcomes and team reliability. Despite previous feedback, there has been minimal improvement. Given the risk to client relationships and project success, leadership should evaluate options for reassignment or separation."
Volunteer 3,Idea-to-Text,B4,"Natasha Richardson delivers on time, offers efficient solutions, cooperates well—could engage stakeholders more proactively.","Natasha, your timely delivery, efficient solutions, and strong cooperation are highly valued. To further enhance your impact, focus on proactively engaging stakeholders to anticipate needs and build stronger partnerships.","Natasha, you are a strong contributor: delivering reliably on time, offering efficient solutions, and cooperating well within the team. To further enhance your impact, we encourage proactively initiating engagement with key stakeholders. Building these relationships will amplify your excellent work and strategic influence.","Natasha consistently delivers projects on time, demonstrating strong reliability and efficiency in her solutions. She's a highly collaborative team member. To further enhance her impact, Natasha could proactively engage stakeholders earlier in the project lifecycle, leveraging her excellent problem-solving skills to anticipate needs and align expectations more broadly.","Natasha consistently delivers high-quality work on time and develops efficient solutions. She collaborates effectively across teams and maintains strong working relationships. To further enhance her impact, she could take a more proactive role in engaging stakeholders early and often, ensuring alignment and driving greater project success."
Volunteer 3,Summarise,B10,Allan Logan touches anything and it turns to gold. Nothing but the most capable hand in the team. He has shown he can achieve what many would dream of. Overall his capability has been an asset and a beacon of expertise.,Allan is a top performer whose expertise turns every project into a success. He is an exceptionally capable and valuable asset to the team.,"Allan: Exceptional. Touches turn to gold, most capable, achieves dreams, beacon of expertise.","Allan is an exceptionally capable and valuable asset, consistently achieving outstanding results and serving as a beacon of expertise.","Allan Logan is exceptionally capable, consistently delivering outstanding results. His expertise and performance are invaluable assets to the team, setting a high standard for others."
Volunteer 3,Summarise,B11,"Aniya is very good at what she does, and a favourite of the whole team. At the end of the quarter, she is one of the members we rely on the most due to her high output. She is a consistent worker. Unlikely to be moved into managerial roles as she has struggled with leadership.","Aniya is a consistent, high-output performer and a reliable team member. However, she struggles with leadership, limiting her managerial potential.","Aniya: Very good, team favorite, high output, consistent. Relied on most. Struggles with leadership, unlikely for management.","Aniya is a highly valued, consistent, and productive team member. While a strong individual contributor, she's not suited for leadership roles.","Aniya is a top performer and team favorite, known for her consistent high output and reliability. She excels in her role but is unlikely to move into management due to leadership challenges."
Volunteer 3,Interpret,B13,"Logan is a normal employee, his performance are not bad but not excellent. He is doing some sales and his number show us that he is not bad, He is always willing to take the hardest customers to deal with, and that is why we appreciate him. He have a moderate potential in our enterprise because he is not putting as much effort as we want him too. Overall he's not bad but could be better.","Logan is valued for tackling hard customers, but his performance is seen as moderate due to perceived low effort. This limits growth. To address this, Logan could ask his manager to define ""high effort"" and identify one new area where he can proactively contribute.","Feedback means Logan handles difficult customers well with solid sales numbers, but effort falls below expectations. This places Logan as a reliable contributor needing higher engagement for advancement. Logan should: 1) Set one weekly stretch goal for sales activities, 2) Document customer-win strategies to share with peers monthly, 3) Discuss motivation barriers with manager next 1:1.","Logan's performance is satisfactory, but there's an opportunity for him to excel further. His willingness to tackle challenging customer accounts is highly valued and a significant asset. While his current sales numbers are acceptable, the feedback suggests that increased effort could unlock his moderate potential for growth within the company. To address this, Logan should identify specific areas where he can apply more effort, perhaps by proactively seeking additional sales opportunities or refining his approach with existing clients. He could also discuss with his manager what ""more effort"" looks like in concrete terms and set measurable goals to demonstrate his commitment to improvement.","Logan is a reliable employee with solid sales performance and a commendable willingness to handle challenging customers, which the team values. While his current contributions are acceptable, his moderate potential reflects room for growth, particularly in increasing his effort and initiative. To improve, Logan should set specific performance goals, seek regular feedback, take on additional responsibilities, and explore skill development opportunities to maximize his impact."
Volunteer 3,Interpret,B16,"Bailey Hunter's daily production oscillates from poor to excellent from day-to day. One day Bailey will competently produce a 50-page brief and the next day will struggle to complete five transmittal letters. Her interpersonal skills are unexceptional, neither good nor bad. On balance, I don't believe she is long for this job.","Bailey's performance is seen as highly inconsistent, making her unreliable despite moments of excellence. This puts her long-term position at risk. Bailey should track her daily work to find patterns and discuss with her manager how to build a more consistent, dependable output.","Feedback means Bailey’s output fluctuates severely between excellent and poor, with neutral interpersonal skills. This implies inconsistency risks job stability. Bailey should: 1) Track daily productivity triggers in a journal, 2) Break large tasks into hourly milestones, 3) Request clarity on performance expectations immediately.","Bailey, your manager notes significant inconsistency in your daily output, ranging from excellent to poor, and views your interpersonal skills as average. This suggests your overall performance is not meeting expectations, potentially jeopardizing your standing. To address this, Bailey should: 1) Track daily output to identify patterns and causes of inconsistency. 2) Seek feedback on specific areas for improvement in both production and interpersonal skills. 3) Propose a plan to manager for consistent performance and skill development.","Bailey’s performance is inconsistent, with significant daily fluctuations in productivity, making it difficult to rely on her for steady output. While her interpersonal skills are neutral, the unpredictability in her work quality raises concerns about her long-term fit in the role. To improve, Bailey should (1) track daily tasks to identify patterns in her productivity, (2) seek structured feedback after each assignment, (3) work with a mentor to develop time management strategies, and (4) proactively communicate challenges early to prevent missed expectations."
Volunteer 4,Idea-to-Text,B1,Brantley Whitfield delivers below capability—possible role mis-fit; needs guidance to boost productivity.,"Brantley, your output is not yet reflecting your full potential. Let's discuss a possible role mismatch and implement a structured guidance plan to help boost your productivity and ensure you're in a position to succeed.","Brantley, you possess valuable capability, but we observe challenges in aligning this fully with your current role expectations. To enhance your productivity and fit, we will provide specific guidance and support. Let's collaborate on a focused development plan to help you leverage your strengths more effectively within the team structure.","Brantley's current performance indicates he is operating below his potential, suggesting a possible misalignment with his role's demands. To enhance his productivity and ensure he can contribute effectively, focused guidance and a clear development plan are essential. This will help identify specific areas for improvement and provide the necessary support for him to thrive.","Brantley Whitfield is currently performing below his potential, suggesting a possible misalignment between his skills and role requirements. He would benefit from targeted guidance and support to clarify expectations, build confidence, and enhance productivity. With the right coaching, there is opportunity for improvement."
Volunteer 4,Idea-to-Text,B6,"Emilie Carroll is a high performer—punctual, client-focused, and poised for near-term promotion.","Emilie, your performance is exceptional. Your punctuality, client focus, and consistent high-quality work are commendable. You are on a clear track for a near-term promotion; let's prepare you for the next steps.","Emilie, your performance is outstanding: consistently punctual, highly client-focused, and delivering exceptional results. You are clearly operating at a high level and demonstrating strong readiness for increased responsibility. We see you as well-positioned for near-term promotion.","Emilie consistently demonstrates exceptional performance, marked by her punctuality and unwavering client focus. Her proactive approach and polished demeanor make her a strong candidate for a near-term promotion. She embodies the qualities of a future leader within our organization.","Emilie Carroll consistently excels in her role, demonstrating exceptional punctuality, a strong client-focused approach, and outstanding professionalism. Her dedication and performance make her a prime candidate for promotion in the near term."
Volunteer 4,Summarise,B9,"Unfortunately, Mr. Stanley has shown time and time again that he has issues performing. For example, last week he had a deadline that he knew of, instead he took long lunches and never made the deadline. Also, his ability to show up on time and dressed accordingly has never happened. Everyday Wade has been a minimum of 15+ minutes late! This is very unacceptable, he is a nice person and I wish him the best, but potential for growth is not there.","Mr. Stanley consistently underperforms, misses deadlines, and has issues with punctuality. He shows no potential for growth within the company.","Wade: Repeated performance issues (missed deadline, chronic lateness >15mins, dress). Nice person, but no growth potential.","Stanley consistently underperforms, misses deadlines (e.g., last week's), and is habitually late (+15 min daily) and unprofessionally dressed. Lacks growth potential.","Mr. Stanley consistently underperforms: missed deadlines, habitual tardiness (15+ mins daily), and inappropriate dress. Despite being personable, he shows no potential for growth. Performance issues are ongoing and unacceptable."
Volunteer 4,Summarise,B12,"Riley is an excellent worker who gets her work done whenever we need her. She also offers excellent ideas in team meetings, and has a very ""big picture"" vision of the company. Will go far.","Riley is an excellent and reliable worker with a strong ""big picture"" vision. She contributes great ideas and shows high potential for advancement.","Riley: Excellent worker, gets work done. Offers excellent ideas & big-picture vision. Will go far.","Riley is a highly effective, reliable, and visionary team member. Her big-picture thinking and innovative ideas make her a valuable asset with strong growth potential.","Riley is a highly effective worker who consistently delivers, contributes valuable ideas in meetings, and demonstrates strong strategic thinking with a big-picture view of the company. She is poised for success."
Volunteer 4,Interpret,B14,"Kallie right now is in an interesting position. She is performing really poorly, not meeting deadlines, and generally produces low quality work. However, she has given an incredible amount of effort into improving herself and learning from her mistakes. She always responds well to feed back and proactively seeks to improve herself. Although she is isn;t doing well now, she will definitely improve with experience.","Kallie's current work quality and timeliness are below standard. However, her high effort and positive response to feedback are highly valued, implying strong future potential. Kallie should find a mentor for pre-submission reviews and break tasks into smaller, trackable steps.","Feedback means Kallie’s current work quality/timeliness are poor despite exceptional improvement efforts. This suggests immediate focus areas but strong long-term potential if development continues. Kallie should: 1) Request weekly priority alignment with manager, 2) Submit drafts 2 days early for feedback, 3) Shadow a top performer weekly.","Kallie, your current performance is noted as significantly below expectations, with concerns about missed deadlines and low-quality output. However, your exceptional dedication to self-improvement, positive response to feedback, and proactive learning are highly valued. This indicates a strong potential for future growth, and the team believes Kallie will improve significantly with more experience. To address this, Kallie should prioritize meeting all deadlines, meticulously review work for quality before submission, and continue to proactively seek and apply feedback to improve her skills and output.","Kallie is currently struggling with performance, missing deadlines and delivering work below expectations. However, her dedication to growth is evident—she actively seeks feedback, learns from mistakes, and shows strong initiative to improve. This suggests her current performance doesn’t reflect her potential. With continued support and experience, she is likely to grow into a more capable and reliable contributor. To move forward, Kallie should prioritize time management by breaking tasks into smaller steps, set personal deadlines ahead of actual due dates, request regular check-ins with her manager for guidance, and document feedback to track progress and avoid repeating errors."
Volunteer 4,Interpret,B15,George does not complete work on time and needs to be constantly supervised. He does show high potential due to the work he does eventually submit. George is very intelligent but some incentive should be made to get him to realize his potential. George could probably choose a different career path within the company to ignite his ambition. George might seem lazy sometimes but shows high potential of being a great contributor.,"George shows high potential with intelligent work, but his untimeliness and need for supervision are major concerns. This hurts his standing. He should adopt a task management system and talk to his manager about roles that might better ignite his ambition and strengths.","Feedback means George misses deadlines requiring supervision, though submitted work shows high intelligence/potential. This indicates role misalignment may hinder contributions. George should: 1) Propose one alternative role interest by month-end, 2) Implement time-blocking for daily tasks, 3) Schedule bi-weekly progress reviews with manager.","George, this feedback indicates a perception that he struggles with timely completion and requires frequent oversight, despite the high quality of his eventual output. This suggests that while his intelligence and potential are recognized, his current work habits are hindering his standing and growth. To address this, George should proactively communicate his progress on tasks, set realistic deadlines for himself and adhere to them, and explore internal career paths that might better align with his ambitions and ignite his motivation.","George’s feedback indicates that while his work quality shows strong potential, his inconsistent timeliness and need for close supervision are hindering his performance. This suggests he may lack motivation or alignment with his current role, not ability. To grow, George should explore internal career paths that better match his interests and strengths, which could reignite his drive. He should proactively request a meeting with his manager to discuss role adjustments, set clear deadlines with accountability check-ins, seek mentorship, and identify specific goals to track progress—turning potential into consistent results."
Volunteer 5,Idea-to-Text,B1,Brantley Whitfield delivers below capability—possible role mis-fit; needs guidance to boost productivity.,"Brantley, your output is not yet reflecting your full potential. Let's discuss a possible role mismatch and implement a structured guidance plan to help boost your productivity and ensure you're in a position to succeed.","Brantley, you possess valuable capability, but we observe challenges in aligning this fully with your current role expectations. To enhance your productivity and fit, we will provide specific guidance and support. Let's collaborate on a focused development plan to help you leverage your strengths more effectively within the team structure.","Brantley's current performance indicates he is operating below his potential, suggesting a possible misalignment with his role's demands. To enhance his productivity and ensure he can contribute effectively, focused guidance and a clear development plan are essential. This will help identify specific areas for improvement and provide the necessary support for him to thrive.","Brantley Whitfield is currently performing below his potential, suggesting a possible misalignment between his skills and role requirements. He would benefit from targeted guidance and support to clarify expectations, build confidence, and enhance productivity. With the right coaching, there is opportunity for improvement."
Volunteer 5,Idea-to-Text,B2,Kyle Lawson meets baseline expectations but lacks initiative; stretch goals required for advancement.,"Kyle, you reliably meet all core job requirements. To support your career advancement, we encourage you to demonstrate more initiative. Let's define some stretch goals together to help you develop in this area.","Kyle, you consistently meet baseline performance expectations. To advance, we encourage you to demonstrate greater initiative and proactive problem-solving. We will discuss setting specific, challenging stretch goals designed to develop these skills and position you for future growth opportunities.","Kyle consistently meets core job requirements, demonstrating reliability in his role. To progress to the next level, we encourage Kyle to proactively seek out new challenges and demonstrate greater initiative in identifying and pursuing opportunities for improvement or innovation. Setting and achieving stretch goals will be key for his continued professional development and advancement within the company.","Kyle Lawson consistently meets baseline expectations and delivers reliable work. However, he tends to lack initiative and rarely pursues opportunities beyond assigned tasks. To be considered for advancement, Kyle should actively engage in stretch goals, demonstrate proactive problem-solving, and seek ways to contribute beyond core responsibilities. Continued growth in these areas will be essential for progression."
Volunteer 5,Summarise,B8,April Craft is your typical employee. She tends to do her job and show up on time. With that said she doesn't seem particularly interested in the work she is given. Hopefully we see some positive growth in the near future.,April is a punctual employee who performs her basic duties but seems uninterested in her work. Positive growth is hoped for in the future.,"April: Typical employee, job done & on time. Lacks interest in work. Hoping for future growth.","April is a punctual, reliable employee but lacks engagement and interest in her work. We hope to see improvement.",April Craft is reliable and punctual but shows little interest in her work. Improvement in engagement is hoped for in the near future.
Volunteer 5,Summarise,B10,Allan Logan touches anything and it turns to gold. Nothing but the most capable hand in the team. He has shown he can achieve what many would dream of. Overall his capability has been an asset and a beacon of expertise.,Allan is a top performer whose expertise turns every project into a success. He is an exceptionally capable and valuable asset to the team.,"Allan: Exceptional. Touches turn to gold, most capable, achieves dreams, beacon of expertise.","Allan is an exceptionally capable and valuable asset, consistently achieving outstanding results and serving as a beacon of expertise.","Allan Logan is exceptionally capable, consistently delivering outstanding results. His expertise and performance are invaluable assets to the team, setting a high standard for others."
Volunteer 5,Interpret,B15,George does not complete work on time and needs to be constantly supervised. He does show high potential due to the work he does eventually submit. George is very intelligent but some incentive should be made to get him to realize his potential. George could probably choose a different career path within the company to ignite his ambition. George might seem lazy sometimes but shows high potential of being a great contributor.,"George shows high potential with intelligent work, but his untimeliness and need for supervision are major concerns. This hurts his standing. He should adopt a task management system and talk to his manager about roles that might better ignite his ambition and strengths.","Feedback means George misses deadlines requiring supervision, though submitted work shows high intelligence/potential. This indicates role misalignment may hinder contributions. George should: 1) Propose one alternative role interest by month-end, 2) Implement time-blocking for daily tasks, 3) Schedule bi-weekly progress reviews with manager.","George, this feedback indicates a perception that he struggles with timely completion and requires frequent oversight, despite the high quality of his eventual output. This suggests that while his intelligence and potential are recognized, his current work habits are hindering his standing and growth. To address this, George should proactively communicate his progress on tasks, set realistic deadlines for himself and adhere to them, and explore internal career paths that might better align with his ambitions and ignite his motivation.","George’s feedback indicates that while his work quality shows strong potential, his inconsistent timeliness and need for close supervision are hindering his performance. This suggests he may lack motivation or alignment with his current role, not ability. To grow, George should explore internal career paths that better match his interests and strengths, which could reignite his drive. He should proactively request a meeting with his manager to discuss role adjustments, set clear deadlines with accountability check-ins, seek mentorship, and identify specific goals to track progress—turning potential into consistent results."
Volunteer 5,Interpret,B16,"Bailey Hunter's daily production oscillates from poor to excellent from day-to day. One day Bailey will competently produce a 50-page brief and the next day will struggle to complete five transmittal letters. Her interpersonal skills are unexceptional, neither good nor bad. On balance, I don't believe she is long for this job.","Bailey's performance is seen as highly inconsistent, making her unreliable despite moments of excellence. This puts her long-term position at risk. Bailey should track her daily work to find patterns and discuss with her manager how to build a more consistent, dependable output.","Feedback means Bailey’s output fluctuates severely between excellent and poor, with neutral interpersonal skills. This implies inconsistency risks job stability. Bailey should: 1) Track daily productivity triggers in a journal, 2) Break large tasks into hourly milestones, 3) Request clarity on performance expectations immediately.","Bailey, your manager notes significant inconsistency in your daily output, ranging from excellent to poor, and views your interpersonal skills as average. This suggests your overall performance is not meeting expectations, potentially jeopardizing your standing. To address this, Bailey should: 1) Track daily output to identify patterns and causes of inconsistency. 2) Seek feedback on specific areas for improvement in both production and interpersonal skills. 3) Propose a plan to manager for consistent performance and skill development.","Bailey’s performance is inconsistent, with significant daily fluctuations in productivity, making it difficult to rely on her for steady output. While her interpersonal skills are neutral, the unpredictability in her work quality raises concerns about her long-term fit in the role. To improve, Bailey should (1) track daily tasks to identify patterns in her productivity, (2) seek structured feedback after each assignment, (3) work with a mentor to develop time management strategies, and (4) proactively communicate challenges early to prevent missed expectations."